n_agents,success_rate,collision_rate,total_step,avg_step,max_step,episode_length,max_goals,collision_rate_std,total_step_std,avg_step_std,max_step_std,episode_length_std,max_goals_std
4,100.0,0.0,49.555,12.38875,17.66,17.855,4.0,0.0,10.978477808876784,2.744619452219196,3.348790826552175,3.375496259811289,0.0
8,100.0,0.05267623995271261,102.735,12.841875,19.97,20.525,8.0,0.0024598592344731393,16.587789937179696,2.073473742147462,3.0592646175183997,3.166918849607612,0.0
12,100.0,0.11376587891294234,164.9,13.741666666666665,22.625,23.5,12.0,0.0035781193398915292,23.167218218853986,1.930601518237832,3.296115137552085,3.7563279941985894,0.0
16,100.0,0.32337025252807128,231.085,14.4428125,25.275,26.55,16.0,0.006353724811604279,35.44527859955399,2.215329912472124,4.558439974377199,5.292211258065952,0.0
20,100.0,0.52778679137744375,304.6,15.23,28.165,29.755,20.0,0.007441021852453828,46.74665763453041,2.33733288172652,5.78426961681421,6.639651722793899,0.0
22,100.0,0.58264602603837964,338.31,15.37772727272727,28.63,30.575,22.0,0.006898339399497376,47.535711838574585,2.160714174480663,5.4160040620368815,6.159088812478677,0.0