n_agents,success_rate,collision_rate,total_step,avg_step,episode_length,max_goals,total_step_std,avg_step_std,episode_length_std,max_goals_std
4,100.0,0.00016369047619047616,49.515,12.37875,17.82,4.0,10.623548136098409,2.655887034024602,3.2369121087851607,0.0
8,100.0,0.00015334880636604776,104.09,13.01125,20.955,8.0,15.977230673680593,1.997153834210074,3.0204262944160716,0.0
12,100.0,0.001449317825917029,164.855,13.737916666666667,23.83,12.0,23.57570730646273,1.9646422755385604,4.081801073055864,0.0
16,100.0,0.003825730232733881,231.395,14.4621875,26.365,16.0,35.92281969723424,2.24517623107714,4.949926767135045,0.0
20,100.0,0.004578172425966135,301.615,15.080749999999998,29.335,20.0,45.84350308386129,2.2921751541930644,6.064055985889312,0.0
22,100.0,0.007111096430864077,347.46,15.793636363636363,31.21,22.0,51.68247672083837,2.349203487310835,5.981295846219279,0.0