n_agents,success_rate,collision_rate,extra_time,avg_step,total_step,episode_length
4,85.0,0.42875,5.069230769230769,106.77125,427.085,185.595
8,62.0,0.5528125,6.1320439976689975,100.088125,613.895,221.245
12,35.5,0.6360416666666666,12.640529446044154,99.46166666666667,807.11,257.385
16,33.5,0.698828125,12.994756601649986,103.0953125,1017.71375,278.85375
20,22.0,0.7418125,12.07530644793803,104.8635,1233.625,296.949
22,18.5,0.7731392045454546,8.368827156480195,107.4325,1421.94,310.7191666666667
