n_agents,success_rate,total_step,avg_step,episode_length,collision_rate
4,47.0,96.55319148936171,24.138297872340427,34.98936170212766,0.0
8,15.0,365.93333333333334,45.74166666666667,80.0,0.0
12,6.5,804.6153846153846,67.05128205128204,148.07692307692307,0.0
16,3.5000000000000004,1055.2857142857142,65.95535714285714,159.71428571428572,0.0
20,0.0,nan,nan,nan,0.0
22,0.0,nan,nan,nan,0.0
