n_agents,success_rate,total_step,avg_step,episode_length,communication_times
4,100.0,64.425,16.10625,18.685,4.435
8,100.0,167.105,20.888125,23.755,21.765
12,100.0,309.14,25.76166666666666,28.875,64.225
16,100.0,488.63,30.539375,33.9,131.755
20,100.0,745.085,37.25425000000001,40.855,243.955
22,99.5,905.6,41.16363636363636,44.935,319.1